Area,Perimeter,MajorAxisLength,MinorAxisLength,AspectRation,Eccentricity,ConvexArea,EquivDiameter,Extent,Solidity,roundness,Compactness,ShapeFactor1,ShapeFactor2,ShapeFactor3,ShapeFactor4,ShapeFactor5
28395,610.291,208.178116708527,173.888747041636,1.19719142411602,0.549812187138347,28715,190.141097274511,0.763922518159806,0.988855998607,0.958027126250128,0.913357754795763,0.00733150613518321,0.00314728916733569,0.834222388245556,0.998723889013168,1.99744777802634
28734,638.018,200.524795663648,182.734419351024,1.09735646068106,0.41178525136724,29172,191.272750485845,0.783968132707629,0.984985602632661,0.887033636552887,0.953860842260513,0.0069786592769418,0.0035636237121009,0.909850506397935,0.998430331449707,1.99686066289941
29380,624.11,212.826129860206,175.931142612714,1.20971265632436,0.562727316750412,29690,193.41090409881,0.778113247523704,0.989558773997979,0.947849473016411,0.908774238510331,0.0072439118400342,0.0030477332172131,0.825870616580032,0.999066137363272,1.99813227472654
30008,645.884,210.557998960925,182.516515695305,1.15363805932189,0.498615976402717,30724,195.467061824781,0.782681272822118,0.97669574274183,0.903936374317338,0.928328834759944,0.0070167288376741,0.00321456207939,0.861794425446755,0.99419884850682,1.98839769701364
30140,620.134,201.847882166738,190.279278786648,1.06079801990978,0.333679657773177,30417,195.896502976234,0.77309803519212,0.990893250484926,0.984877069350909,0.970515523241471,0.0066970100254392,0.0036649719644516,0.941900380852666,0.999166058960777,1.99833211792155
